ID,Pred_prob
T1,0.8248894801021109
T2,0.0009712798371209341
T3,0.039694695439861954
T4,0.6354769535654479
T5,0.6449613746180491
T6,0.4282382056729254
T7,0.20542578400472616
T8,0.007191352675013892
T9,0.6361601825656263
T10,0.1588530547024439
T11,0.07916200500612555
T12,0.34383061174422425
T13,0.18082486726150576
T14,0.1243815237408243
T15,0.3255551934833232
T16,0.03839638464320422
T17,0.8057734510673212
T18,0.8815682540875823
T19,0.9919094500072447
T20,0.6230975089039407
T21,0.7764692584226446
T22,0.6558490562485535
T23,0.1459442165483637
T24,0.5103724626497851
T25,0.40824884725630906
T26,0.04171724842769753
T27,0.8175003416970034
T28,0.9674426760093748
T29,0.9665161725533759
T30,0.68508032135474
T31,0.28112163306739996
T32,0.28592453662457895
T33,0.23824147376762567
T34,0.18010180216004845
T35,0.01811480601964863
T36,0.4546838047742243
T37,0.9852947721658714
T38,0.9119649156161206
T39,0.22353364323758163
T40,0.6806840357621718
T41,0.5186674445468655
T42,0.8073843031713354
T43,0.6787288756271174
T44,0.19075304309756247
T45,0.20248866824816608
T46,0.2942084954678724
T47,0.0016767225506369187
T48,0.2734008376712611
T49,0.8733225602622827
T50,0.8505626155164169
T51,0.2521745218966712
T52,0.4149099012107323
T53,0.7966298223406447
T54,0.6555994973712582
T55,0.7842435482273257
T56,0.7974821302255768
T57,0.169732438887044
T58,0.2384263401104852
T59,0.891399124412273
T60,0.2510084504367124
T61,0.31088272223078206
T62,0.17775844759631382
T63,0.4378330254345733
T64,0.2824547660426061
T65,0.5731159806868669
T66,0.48643681755969237
T67,0.47780327034850495
T68,0.4154952879657102
T69,0.13244679637702794
T70,0.37532721307698835
T71,0.8178659324794205
T72,0.7103624208625402
T73,0.6825947785354913
T74,0.5979987194168127
T75,0.36567916103887493
T76,0.5411631215562668
T77,0.21462332333319828
T78,0.09282300071405084
T79,0.22179419667207392
T80,0.6625823563663136
T81,0.08476742677078178
T82,0.42450133455051436
T83,0.4257430895368497
T84,0.9498476035001545
T85,0.1364171152935697
T86,0.11058130993425727
T87,0.7913142759701428
T88,0.6873118609408364
T89,0.8912431176808052
T90,0.9828896702027585
T91,0.4696129727126813
T92,0.8461194096774255
T93,0.8505114784223908
T94,0.9691971629753446
T95,0.9926902676417642
T96,0.8513308496599524
T97,0.895513758182858
T98,0.9292576897112724
T99,0.7846439989826356
T100,0.3383503878656794
T101,0.2580434272329317
T102,0.002824644347646746
T103,0.010738219485153426
T104,0.7654302107606424
T105,0.7001914011415563
T106,0.2160926386252257
T107,0.31247260991093473
T108,0.253669614397133
T109,0.676606367094917
T110,0.6991460294184223
T111,0.11885324843841097
T112,0.0793765155696511
T113,0.18726611492872977
T114,0.5239095266432156
T115,0.6394052188202121
T116,0.5894408964694947
T117,0.4733778147760006
T118,0.2822735840474619
T119,0.9647448431841908
T120,0.5159187512324351
T121,0.921243902264897
T122,0.8756042827666883
T123,0.9947311031446837
T124,0.21163603748146564
T125,0.54032050068051
T126,0.567850989271621
T127,0.7590910480220356
T128,0.9495513496274585
T129,0.9810105651461187
T130,0.8455579982548798
T131,0.9231095088206256
T132,0.00030707332229767004
T133,0.7248158052406509
T134,0.46704257257301557
T135,0.00228387858592593
T136,0.00022944482031495502
T137,0.6731187499425271
T138,0.31837204594128543
T139,0.10838883057032442
T140,0.5951101911101299
T141,0.07915903369007364
T142,0.20183739526042838
T143,0.20447200336487023
T144,0.4164681904027468
T145,0.5606661934690652
T146,0.5139159817441754
T147,0.5836577107064455
T148,0.3523882173076179
T149,0.6849628410094324
T150,0.3773929377750039
T151,0.1404107215501278
T152,0.09241085004526271
T153,0.255490861488224
T154,0.08987818554154858
T155,0.2955099566789282
T156,0.03618015672428241
T157,0.42513142543149207
T158,0.26331008379111964
T159,0.1944514138270195
T160,0.2715057889654083
T161,0.3799462691001328
T162,0.4705890411955398
T163,0.46074103210493667
T164,0.585721154232459
T165,0.6726068022660385
T166,0.1675392898017291
T167,0.4711737701257749
T168,0.7435675076503878
T169,0.7179763640503058
T170,0.44588359219875234
T171,0.05061675742841942
T172,0.47580552788004826
T173,0.07925726447559593
T174,0.647238290792394
T175,0.26155376592696156
T176,0.2785351301401323
T177,0.2865017686048117
T178,0.4813699369055836
T179,0.7159545955609156
T180,0.5591366769696583
T181,0.07112938439505642
T182,0.0456399267222226
T183,0.33189857183882926
T184,0.42181097874707474
T185,0.16903487579613774
T186,0.03888387618963174
T187,0.5411037561174374
T188,0.4751136328503237
T189,0.6749919703766155
T190,0.7928350123985577
T191,0.9736872992950205
T192,0.9506850275607371
T193,0.1557417713219616
T194,0.9410085517459839
T195,0.5667549137880197
T196,0.6318954173481635
T197,0.9717655659720721
T198,0.46651092127783167
T199,0.24915191570587014
T200,0.004512265914631912
T201,0.23020416878355018
T202,0.0033651660162134305
T203,0.27704136639108323
T204,0.0019218431734678825
T205,0.21362408245871709
T206,0.37802361416548863
T207,0.039087941519080245
T208,0.07621048596252691
T209,0.18968440939893483
T210,0.15898368101347216
T211,0.027052803467283938
T212,0.6662114411694222
T213,0.6263649814131917
T214,0.11429877072168515
T215,0.03130757333537397
T216,0.5619411324794521
T217,0.033963237135433325
T218,0.11098780594900896
T219,0.11969118824172158
T220,0.5809394797189678
T221,0.8771062982883612
